"","MAPK signaling pathway"
"Set1_AACACGTCACGGCTAC-1",0.0621150056633928
"Set1_AACGTTGCATGCCACG-1",0.0484685565330727
"Set1_AACTCTTGTTCAACCA-1",0.0712811680553616
"Set1_AAGCCGCAGGGAGTAA-1",0.0524251733929153
"Set1_AAGGTTCTCCTTGGTC-1",0.0457415941286909
"Set1_AATCCAGCATCGGAAG-1",0.0484840726776211
"Set1_ACACCGGGTCAGAAGC-1",0.0879959347701283
"Set1_ACAGCTAGTTTCGCTC-1",0.0649428230073391
"Set1_ACATACGCACCAGCAC-1",0.0588798895250508
"Set1_ACATCAGTCTCTTATG-1",0.0551521357972971
"Set1_ACCCACTAGGACTGGT-1",0.0585579295256715
"Set1_ACCCACTGTTGCGCAC-1",0.033414017284985
"Set1_ACCTTTAAGTGTCTCA-1",0.0582631227792518
"Set1_ACCTTTATCAGTTAGC-1",0.0720608543189188
"Set1_ACCTTTATCGGCTACG-1",0.0465445546090707
"Set1_ACGAGCCAGAGTACAT-1",0.0640040962621608
"Set1_ACGATGTAGCCCGAAA-1",0.0626735868671353
"Set1_ACGCCGAAGCAGCGTA-1",0.065629412403606
"Set1_ACGGCCAGTTACGACT-1",0.0644773386708871
"Set1_ACGGGCTGTGTTGGGA-1",0.0521885521885522
"Set1_ACGGGTCTCAGGCAAG-1",0.0715100311874505
"Set1_ACGGGTCTCGTTTATC-1",0.0698032552871262
"Set1_ACTGATGGTACATCCA-1",0.0598186162702292
"Set1_ACTTACTCATATGGTC-1",0.0701717637201508
"Set1_AGAATAGAGGTCGGAT-1",0.0645355242129436
"Set1_AGACGTTCAAGTAGTA-1",0.0686123911930364
"Set1_AGACGTTTCTTCATGT-1",0.0704588123942963
"Set1_AGAGTGGGTCTTGCGG-1",0.0720181849214107
"Set1_AGATCTGAGAGTCTGG-1",0.0567347825412342
"Set1_AGATCTGAGATAGCAT-1",0.0621072475911186
"Set1_AGCAGCCGTCTTTCAT-1",0.0715177892597247
"Set1_AGCCTAAAGCTGAAAT-1",0.0754511319027448
"Set1_AGCCTAATCCTCATTA-1",0.0551211035082003
"Set1_AGCGGTCGTCGTCTTC-1",0.0646480162609195
"Set1_AGCGGTCTCACCATAG-1",0.0519713261648745
"Set1_AGCGTATAGTGTACCT-1",0.0725457338360564
"Set1_AGCGTCGTCCCTCTTT-1",0.0679025275799469
"Set1_AGCTTGAGTACAGCAG-1",0.0592522769942125
"Set1_AGCTTGATCACTTATC-1",0.0726504678117581
"Set1_AGGGAGTCATATACGC-1",0.0533134726683114
"Set1_AGGGATGGTAGGACAC-1",0.0400665642601126
"Set1_AGGGTGACACATGACT-1",0.0303495787366755
"Set1_AGGTCCGGTTAAGTAG-1",0.0728521776908874
"Set1_AGTAGTCAGACCACGA-1",0.0669056152927121
"Set1_ATAGACCCAAATCCGT-1",0.0434684789523499
"Set1_ATAGACCGTGTGAAAT-1",0.0581583888035501
"Set1_ATCCGAATCGCCTGTT-1",0.0836902046579466
"Set1_ATGCGATCATGACATC-1",0.0535423358004003
"Set1_ATGTGTGAGTTGAGTA-1",0.0629916678303775
"Set1_ATTACTCCACGGATAG-1",0.082627348756381
"Set1_CAAGTTGAGGGCACTA-1",0.0580652919362597
"Set1_CAAGTTGCATTCACTT-1",0.065745783487719
"Set1_CACAAACGTACTCTCC-1",0.0671887849307204
"Set1_CACACAATCTTGACGA-1",0.0745434374466633
"Set1_CACAGGCCAGACGTAG-1",0.0516842774907291
"Set1_CACAGTAAGAGCTTCT-1",0.0558542413381123
"Set1_CACAGTATCCGTCATC-1",0.0609202625331658
"Set1_CACATAGGTTGACGTT-1",0.062778320842837
"Set1_CACATTTAGCGAAGGG-1",0.074264146844792
"Set1_CACATTTGTTGTGGCC-1",0.0702726186597154
"Set1_CAGAATCAGCTTATCG-1",0.0633446601188537
"Set1_CAGCAGCAGCCAGAAC-1",0.0471613213548697
"Set1_CAGCTAAAGTTCGATC-1",0.0628132321680709
"Set1_CAGGTGCGTACGCTGC-1",0.0313387329516362
"Set1_CAGTAACAGCTGTCTA-1",0.0829919781532685
"Set1_CATATGGGTCATCCCT-1",0.0629916678303775
"Set1_CATCCACAGAAGGTGA-1",0.0494732268925817
"Set1_CATCCACAGTCTCCTC-1",0.062161554097038
"Set1_CATCCACCACAGGTTT-1",0.0546051917019659
"Set1_CATCGAAAGTTGCAGG-1",0.0465794659343046
"Set1_CATCGGGCAAACCTAC-1",0.0441550683486167
"Set1_CATTATCAGATGCGAC-1",0.0401635401635402
"Set1_CATTATCTCCCTTGCA-1",0.0670142283045509
"Set1_CCCAGTTTCCAACCAA-1",0.0502373970115906
"Set1_CCCATACGTAAGCACG-1",0.0631351921674502
"Set1_CCCTCCTAGGGTGTGT-1",0.0732362022684603
"Set1_CCGTACTTCCTGCCAT-1",0.0751136557588171
"Set1_CCGTGGATCGGAAACG-1",0.0579411627798725
"Set1_CCGTTCAAGCGTGAGT-1",0.063088643733805
"Set1_CCGTTCACACCATGTA-1",0.0829531877918975
"Set1_CCTATTATCGAATGCT-1",0.0584687116945181
"Set1_CGAACATGTAGAGGAA-1",0.0645665565020404
"Set1_CGACCTTTCCGCAAGC-1",0.0770105044298593
"Set1_CGACTTCAGAGTGAGA-1",0.0864365622430139
"Set1_CGAGCCACAATGTTGC-1",0.0640079752982979
"Set1_CGATCGGCAAGCCCAC-1",0.0476035314744992
"Set1_CGATGGCGTACAGCAG-1",0.0520411488153424
"Set1_CGCGGTAAGCCAGTAG-1",0.0844311005601328
"Set1_CGCGTTTAGAGCTGGT-1",0.06027246349827
"Set1_CGCGTTTTCCGCGGTA-1",0.0528984158016416
"Set1_CGCTGGATCCTAGAAC-1",0.0471574423187326
"Set1_CGGACGTGTCTAACGT-1",0.0576657512141383
"Set1_CGGAGCTGTCTTGCGG-1",0.0536936182097472
"Set1_CGTCTACTCTTAGAGC-1",0.0652919362596782
"Set1_CGTGAGCCAGAGTGTG-1",0.0499270741206225
"Set1_CGTTGGGCAAGGTGTG-1",0.0507455507455507
"Set1_CTAATGGCAACCGCCA-1",0.0463583608744899
"Set1_CTACACCGTTCTGTTT-1",0.0617736504833279
"Set1_CTACATTGTATCACCA-1",0.0686550605905445
"Set1_CTACCCATCAGAGACG-1",0.0692485531195209
"Set1_CTACCCATCGCAAACT-1",0.0793612003289423
"Set1_CTAGCCTAGCGTTCCG-1",0.0508037362876073
"Set1_CTCACACGTAGGGTAC-1",0.0534220856801502
"Set1_CTCACACGTTTGTTTC-1",0.0705906996229577
"Set1_CTCGAGGGTGGGTCAA-1",0.0600358422939068
"Set1_CTCGTCAAGTCTCCTC-1",0.061354714580521
"Set1_CTGTGCTAGCAGCCTC-1",0.0580265015748887
"Set1_CTGTTTACACCCATGG-1",0.0525105121879315
"Set1_CTTAACTAGTATGACA-1",0.0604741733773992
"Set1_CTTAACTTCCATGCTC-1",0.0670258654129622
"Set1_CTTAGGAGTTCGTCTC-1",0.053375537246505
"Set1_CTTCTCTGTGTGGTTT-1",0.0387438129373613
"Set1_CTTTGCGTCACAATGC-1",0.0420720259429937
"Set1_GAAATGAGTCTTCGTC-1",0.0618473521699328
"Set1_GAATAAGTCATCGCTC-1",0.055842604229701
"Set1_GAATGAAGTTCGCTAA-1",0.0681973343263666
"Set1_GACACGCGTGCTTCTC-1",0.0648923955375568
"Set1_GACCTGGGTAAGAGGA-1",0.0732012909432264
"Set1_GACGCGTTCAAAGACA-1",0.0545974336296917
"Set1_GACGGCTTCACGGTTA-1",0.0552142003754907
"Set1_GACTAACCATTACCTT-1",0.0617620133749166
"Set1_GAGGTGAAGCAGCCTC-1",0.0576579931418641
"Set1_GATCGATAGATATACG-1",0.0644928548154355
"Set1_GATCGATTCTGTCCGT-1",0.0526540365250043
"Set1_GATCGTAAGACTAGAT-1",0.0664517680646713
"Set1_GATGAAACACCATGTA-1",0.0756101723843659
"Set1_GATGCTATCGTCTGCT-1",0.0537091343542956
"Set1_GCAAACTTCAGTGTTG-1",0.047556983040854
"Set1_GCAATCAGTACAGTGG-1",0.0636821362627814
"Set1_GCACATAAGGGTGTGT-1",0.0676969386646806
"Set1_GCACATACATACCATG-1",0.0848383993545284
"Set1_GCAGCCATCAACGGGA-1",0.0591359059100995
"Set1_GCATGATTCTTACCGC-1",0.070602336731369
"Set1_GCATGTAGTCTTGCGG-1",0.0478168784620398
"Set1_GCCAAATCACAGGCCT-1",0.0727086533538146
"Set1_GCCTCTAGTCCGTCAG-1",0.0665642601126472
"Set1_GCCTCTATCACTTATC-1",0.0569675247094602
"Set1_GCTCCTATCATCGGAT-1",0.0516648823100436
"Set1_GCTGCAGAGAACTCGG-1",0.0489107666527021
"Set1_GCTGCTTCACTAGTAC-1",0.0457803844900619
"Set1_GCTGCTTTCAAAGTAG-1",0.0900324287421062
"Set1_GGAACTTCAGTCAGCC-1",0.071413055284023
"Set1_GGAATAAAGCTTCGCG-1",0.0533794162826421
"Set1_GGAATAAGTAGCCTAT-1",0.0791362162329904
"Set1_GGACAAGGTGAAATCA-1",0.0666069295101553
"Set1_GGACAAGGTTCACGGC-1",0.0490620490620491
"Set1_GGACAGAGTGCAACGA-1",0.0645859516827259
"Set1_GGACATTTCAATAAGG-1",0.0866537882666915
"Set1_GGATGTTGTCGTGGCT-1",0.0675611723998821
"Set1_GGCAATTTCATTATCC-1",0.0629024499992242
"Set1_GGCGACTAGCGTGTCC-1",0.0592833092833093
"Set1_GGCGTGTCAGGTCGTC-1",0.0709902403450791
"Set1_GGCTCGAGTTGACGTT-1",0.0560171608558705
"Set1_GGGATGATCAGGCGAA-1",0.0582592437431147
"Set1_GGGCATCTCTTTAGGG-1",0.0611258514484321
"Set1_GGGTCTGTCATTGCGA-1",0.071335474561281
"Set1_GGTATTGAGTAGGCCA-1",0.0633873295163618
"Set1_GTACGTAAGGGTATCG-1",0.0599194712097938
"Set1_GTACGTAGTACCGTTA-1",0.0588372201275427
"Set1_GTAGGCCAGGGATGGG-1",0.0507067603841797
"Set1_GTCACAACACAGGCCT-1",0.0840470759825599
"Set1_GTCACGGGTCAGATAA-1",0.052335955561762
"Set1_GTCATTTAGAGTGAGA-1",0.0353457772812612
"Set1_GTCGGGTCAATGCCAT-1",0.0703579574547317
"Set1_GTGGGTCCAACAACCT-1",0.0433055594345917
"Set1_GTGTGCGGTCACCCAG-1",0.048212540148024
"Set1_GTTCATTGTTACGTCA-1",0.0623516268677559
"Set1_GTTCTCGAGAGCCTAG-1",0.0470604664153051
"Set1_TAAACCGTCCGGGTGT-1",0.0695511179382147
"Set1_TACACGATCGTCCAGG-1",0.0642019271051529
"Set1_TACGGGCAGGGAAACA-1",0.0723168707039675
"Set1_TACGGGCGTTGGTGGA-1",0.0703967478161027
"Set1_TACTCATCATACTCTT-1",0.0472660553305715
"Set1_TACTCGCCAACACCCG-1",0.0668396716783814
"Set1_TAGGCATTCCACGACG-1",0.057498952660243
"Set1_TAGGCATTCGGTGTTA-1",0.0549426678458937
"Set1_TATTACCCAGTAAGAT-1",0.0644307902372419
"Set1_TCACGAAAGGCTACGA-1",0.0784496268367236
"Set1_TCAGATGAGCCGTCGT-1",0.0483638225573709
"Set1_TCAGGTAAGGTGCTAG-1",0.0798577169544911
"Set1_TCGCGTTAGGTGCAAC-1",0.0421922760632438
"Set1_TCGGTAAAGTGCGATG-1",0.073108194075936
"Set1_TCTGGAATCTGGGCCA-1",0.0443412620831976
"Set1_TCTTTCCCAAGCTGTT-1",0.0419401387143323
"Set1_TCTTTCCCATTCACTT-1",0.04320082545889
"Set1_TGAAAGAAGTGACTCT-1",0.0617348601219569
"Set1_TGAAAGAAGTGTTGAA-1",0.0659280981861627
"Set1_TGACGGCTCTCGCATC-1",0.0680460519170197
"Set1_TGACTAGAGAAGGTTT-1",0.0601250601250601
"Set1_TGACTAGGTCTTCTCG-1",0.0442520442520443
"Set1_TGAGAGGAGCGGCTTC-1",0.0720841285357414
"Set1_TGCGTGGCAGTCAGCC-1",0.0629489984328694
"Set1_TGCTACCCAGCTCGCA-1",0.0770221415382706
"Set1_TGGACGCAGTAGCGGT-1",0.0492715170134525
"Set1_TGGCCAGGTCAGTGGA-1",0.0628714177101274
"Set1_TGTATTCAGCGTAATA-1",0.0430495430495431
"Set1_TGTGTTTAGAGCTATA-1",0.0582165743456066
"Set1_TGTTCCGCAGTGGGAT-1",0.05356948905336
"Set1_TTAGGCATCATATCGG-1",0.0704200220329253
"Set1_TTATGCTCATAGAAAC-1",0.0593220996446803
"Set1_TTCGAAGAGGAATCGC-1",0.0516687613461807
"Set1_TTGGCAAGTCTCTCGT-1",0.0578984933823644
"Set1_TTGGCAATCTTGGGTA-1",0.0548767242315629
"Set1_TTGTAGGAGGATGGAA-1",0.0716535555245233
"Set1_TTTACTGCAACACGCC-1",0.045206287141771
"Set1_TTTGGTTTCACTATTC-1",0.0595121724153982
"Set1_AACCGCGCACCGAAAG-2",0.0529333271268755
"Set1_GTCTTCGAGGGCTCTC-2",0.073880122267219
"Set1_AAAGCAAAGTAGCGGT-5",0.0550629179661438
"Set1_AACTCCCTCCTAAGTG-5",0.0626929820478208
"Set1_AACTGGTGTACATGTC-5",0.0715139102235876
"Set1_AACTTTCGTATCACCA-5",0.0575455010938882
"Set1_AAGGAGCTCACTGGGC-5",0.0552335955561762
"Set1_AATCCAGCAGCTTAAC-5",0.0472544182221602
"Set1_ACCGTAAAGCAATCTC-5",0.0422116712439293
"Set1_ACGATGTAGATGGCGT-5",0.0692718273363435
"Set1_ACGCAGCTCCAGAAGG-5",0.0566378066378066
"Set1_ACGCCGAGTCGACTGC-5",0.0730810408229763
"Set1_ACTGAGTAGGCTCTTA-5",0.0629528774690065
"Set1_ACTGAGTCATCAGTAC-5",0.0358888423404552
"Set1_ACTGTCCCACCCAGTG-5",0.0673982528821239
"Set1_AGAGCTTCACACAGAG-5",0.0431736722059303
"Set1_AGATCTGGTAAGGATT-5",0.0521652779717296
"Set1_ATCATCTTCATGGTCA-5",0.0422427035330261
"Set1_ATTATCCCAGGGAGAG-5",0.0268041397073655
"Set1_CAAGGCCTCAAACCGT-5",0.0468936678614098
"Set1_CACACCTGTGAAAGAG-5",0.0334450495740818
"Set1_CATGGCGTCTGTTTGT-5",0.0713471116696923
"Set1_CCAATCCTCGACCAGC-5",0.0668823410758895
"Set1_CCGTACTCACCATCCT-5",0.0604431410883024
"Set1_CCGTTCAAGGCAGGTT-5",0.0484181290632904
"Set1_CCTAAAGCATGCAACT-5",0.0669327685456718
"Set1_CCTACACTCTGGAGCC-5",0.0508231314682928
"Set1_CCTCAGTCACGGACAA-5",0.0524212943567782
"Set1_CCTTTCTCACACTGCG-5",0.0679490760135921
"Set1_CGCTGGAAGTCGAGTG-5",0.0686434234821332
"Set1_CGCTTCAGTTCAACCA-5",0.0548262967617806
"Set1_CGGACACTCTGGTGTA-5",0.0624796350602802
"Set1_CGTGTAATCGCGTTTC-5",0.078620304426756
"Set1_CGTGTCTGTACTCGCG-5",0.0514709305031886
"Set1_CTAATGGGTACTCTCC-5",0.0562576610963708
"Set1_CTACATTCAGTTAACC-5",0.0554934909773619
"Set1_CTCGTCACATTCACTT-5",0.0431891883504787
"Set1_CTCTAATAGTCCAGGA-5",0.0628054740957967
"Set1_CTTAACTAGTTAAGTG-5",0.0584687116945181
"Set1_CTTACCGAGTGTTTGC-5",0.0658776707163804
"Set1_GAACGGAAGTAGATGT-5",0.0514360191779547
"Set1_GAACGGATCTCGCTTG-5",0.0554702167605393
"Set1_GACTAACAGTTAAGTG-5",0.0735232509426058
"Set1_GACTACAAGACTAAGT-5",0.0849353752579559
"Set1_GATCGCGTCCTTCAAT-5",0.0391743859485795
"Set1_GCACTCTTCCTTGCCA-5",0.053069093391674
"Set1_GCTTCCAAGGAGTACC-5",0.0602103989200763
"Set1_GGAAAGCAGCTCCTCT-5",0.0562886933854676
"Set1_GGAAAGCTCTGCGTAA-5",0.0414785334140173
"Set1_GGAATAAGTTAGGGTG-5",0.0323666775279679
"Set1_GGACAGACACACATGT-5",0.0519596890564632
"Set1_GGACGTCCATATACCG-5",0.0467035950906919
"Set1_GTCATTTAGATCCCGC-5",0.0505787521916554
"Set1_GTCATTTTCCAGTAGT-5",0.0553189343511924
"Set1_GTGGGTCCAGCCACCA-5",0.0633912085524989
"Set1_GTGGGTCGTATGCTTG-5",0.0548456919424661
"Set1_GTGTGCGGTCTTGATG-5",0.0610986981954724
"Set1_TACACGAGTCTACCTC-5",0.0609629319306739
"Set1_TACGGTAGTTGCTCCT-5",0.0425918167853652
"Set1_TACTCGCTCCCTTGCA-5",0.050330493878881
"Set1_TCACAAGGTAGCACGA-5",0.063433877950007
"Set1_TCGCGAGCATAGACTC-5",0.0689421092646899
"Set1_TGCACCTAGAACAACT-5",0.0504003165293488
"Set1_TTATGCTAGTTAGCGG-5",0.0445584881068752
"Set1_TTCCCAGCAAAGGAAG-5",0.0419013483529613
"Set1_TTCCCAGTCTGTTGAG-5",0.0651755651755652
"Set1_TTGGAACTCAGGCCCA-5",0.0438796567828826
"Set1_ATGCGATTCACGATGT-7",0.0501714533972598
"Set1_CAGCATAGTTCCACAA-7",0.0449813030458192
"Set1_CCTACACAGCTTCGCG-7",0.0347445266800106
"Set1_CCTAGCTAGCTAGCCC-7",0.048906887616565
"Set1_CTCGGGAAGCCGCCTA-7",0.0416259367872271
"Set1_CTTGGCTAGGGTGTGT-7",0.0380261912519977
"Set1_GCATACAAGGCTATCT-7",0.0503227358066068
"Set1_GCCAAATAGGCTACGA-7",0.0292595695821502
"Set1_GCTGCAGCATGAACCT-7",0.0322619435522661
"Set1_GTATTCTCATTGAGCT-7",0.0477664509922574
"Set1_TATGCCCAGGATTCGG-7",0.0500899936383807
"Set1_TGCACCTGTACGCTGC-7",0.0380300702881348
"Set1_AAACGGGCAGGTCGTC-9",0.0651251377057829
"Set1_AAAGCAAAGTAGCGGT-9",0.0638179025275799
"Set1_AAAGCAACAACGATCT-9",0.0652182345730733
"Set1_AAAGTAGAGAGAACAG-9",0.059733277475213
"Set1_AACACGTGTGATGTGG-9",0.0478323946065882
"Set1_AACCATGCAAACGTGG-9",0.0535966423063197
"Set1_AACGTTGTCAATCACG-9",0.0695705131189002
"Set1_AACTCCCTCCTAAGTG-9",0.0535462148365374
"Set1_AACTGGTGTCTAAACC-9",0.0453071420813356
"Set1_AACTGGTGTGAAGGCT-9",0.0609008673524803
"Set1_AACTTTCGTCTACCTC-9",0.0669638008347686
"Set1_AAGACCTCAGCATACT-9",0.0440852456981489
"Set1_AAGGTTCAGTCGTACT-9",0.0500977517106549
"Set1_AAGTCTGAGTTCGCAT-9",0.0811571940604199
"Set1_AAGTCTGGTATCTGCA-9",0.0559900076029108
"Set1_AATCCAGGTCCAAGTT-9",0.0522234635137861
"Set1_ACACCAAGTACCGTTA-9",0.0821696224922031
"Set1_ACACTGAAGAGCTGGT-9",0.0547525950751757
"Set1_ACAGCTAAGTAGATGT-9",0.0504391068907198
"Set1_ACATACGCAGTATGCT-9",0.0614904808453196
"Set1_ACATCAGAGACCGGAT-9",0.0741051063631709
"Set1_ACCAGTATCAGCTCTC-9",0.0644928548154355
"Set1_ACCGTAAAGCAATCTC-9",0.0622236186752316
"Set1_ACCGTAATCAGTTGAC-9",0.0692020046858757
"Set1_ACCTTTAAGTTCCACA-9",0.071641918416112
"Set1_ACGAGCCGTTACGGAG-9",0.0529216900184642
"Set1_ACGAGGACAACCGCCA-9",0.0540272153175379
"Set1_ACGAGGACAGCCAGAA-9",0.0692020046858757
"Set1_ACGCAGCTCCAGAAGG-9",0.0578752191655417
"Set1_ACGCCAGCATTTGCTT-9",0.0616146100017068
"Set1_ACGCCGAGTATCTGCA-9",0.0645277661406694
"Set1_ACGCCGAGTCGACTGC-9",0.0678327049294791
"Set1_ACGGAGACAAACGTGG-9",0.0503537680957036
"Set1_ACGGCCAAGTGCCAGA-9",0.0689964157706093
"Set1_ACGTCAACATGGTCAT-9",0.0492482427966299
"Set1_ACTATCTAGCCAGTTT-9",0.0459820943691911
"Set1_ACTGAGTAGGCTCTTA-9",0.0725185805830967
"Set1_ACTGAGTCATCAGTAC-9",0.0541397073655138
"Set1_ACTGATGGTGAAAGAG-9",0.0556602895312573
"Set1_ACTGCTCCACTCGACG-9",0.0580924451892194
"Set1_ACTGTCCAGTAAGTAC-9",0.0612422225325451
"Set1_ACTGTCCGTAGGCTGA-9",0.0583329454297196
"Set1_ACTTACTAGCCAACAG-9",0.0637092895157411
"Set1_ACTTTCAGTCCAACTA-9",0.0497370013499046
"Set1_AGACGTTAGAAGCCCA-9",0.0571731136247265
"Set1_AGACGTTAGCCCGAAA-9",0.0486974196651616
"Set1_AGACGTTCACAAGCCC-9",0.0500589613492839
"Set1_AGAGCGAAGTGGAGAA-9",0.0707536191407159
"Set1_AGAGCTTAGTTACGGG-9",0.0817817188784931
"Set1_AGAGCTTCACACAGAG-9",0.0633524181911279
"Set1_AGAGCTTCATGATCCA-9",0.0592096075967044
"Set1_AGATTGCTCAGCACAT-9",0.0468742726807243
"Set1_AGCATACGTCCGAGTC-9",0.0582980341044857
"Set1_AGCGTATGTACACCGC-9",0.0503343729150181
"Set1_AGCGTCGCATCACGTA-9",0.0702299492622073
"Set1_AGCTCCTAGTGTACCT-9",0.0598729227761486
"Set1_AGCTCTCCACGAAACG-9",0.0700786668528604
"Set1_AGCTTGAGTAGCGTAG-9",0.0472776924389828
"Set1_AGCTTGATCAGTTCGA-9",0.0566222904932582
"Set1_AGGCCACCATCCCACT-9",0.0670879299911558
"Set1_AGGCCGTAGCGTAATA-9",0.049019379664541
"Set1_AGGCCGTAGTCGTACT-9",0.071219103477168
"Set1_AGGGAGTTCACGCGGT-9",0.0701989169731105
"Set1_AGGTCATCACAAGACG-9",0.0426383652190104
"Set1_AGGTCCGTCCTCAATT-9",0.0702842557681267
"Set1_AGTGAGGAGTGTACTC-9",0.0538177473661345
"Set1_AGTGAGGTCAGTCCCT-9",0.0574873155518317
"Set1_AGTTGGTCACCGATAT-9",0.0709708451643935
"Set1_ATCATCTTCATGGTCA-9",0.065978525655945
"Set1_ATCATGGTCGGATGTT-9",0.0830230104423653
"Set1_ATCCACCAGTATCTCG-9",0.0511063011063011
"Set1_ATCCACCGTTAAGGGC-9",0.0698885940821425
"Set1_ATCCACCTCTTCTGGC-9",0.0633213859020311
"Set1_ATCCGAAAGGTGATTA-9",0.0670258654129622
"Set1_ATCGAGTCAGATAATG-9",0.0489340408695247
"Set1_ATCTGCCGTCCAGTTA-9",0.0485771695449115
"Set1_ATGAGGGTCTCTGAGA-9",0.0675223820385111
"Set1_ATGCGATGTCTCAACA-9",0.0568860649505811
"Set1_ATGGGAGAGCTGGAAC-9",0.0496865738801223
"Set1_ATGTGTGGTTCTGTTT-9",0.0584803488029294
"Set1_ATTATCCCAGGGAGAG-9",0.0614478114478114
"Set1_ATTATCCGTCAATGTC-9",0.0609086254247545
"Set1_ATTCTACAGACCTAGG-9",0.0635347328895716
"Set1_ATTCTACGTCCTCTTG-9",0.0645587984297662
"Set1_ATTGGACCAAGTAATG-9",0.0681003584229391
"Set1_ATTTCTGGTAAAGGAG-9",0.0675068658939627
"Set1_ATTTCTGTCATGTGGT-9",0.0543802076060141
"Set1_CAACCAAGTCCAGTGC-9",0.0611568837375289
"Set1_CAACCTCTCCAGTAGT-9",0.0666883892690344
"Set1_CAAGATCTCCCTAACC-9",0.0478867011125076
"Set1_CAAGGCCTCAAACCGT-9",0.0567580567580568
"Set1_CAAGGCCTCCCAACGG-9",0.0645006128877097
"Set1_CAAGTTGAGTGGACGT-9",0.0690584803488029
"Set1_CAAGTTGGTATCACCA-9",0.0484646774969356
"Set1_CAAGTTGTCATCACCC-9",0.0542483203773526
"Set1_CACACAACATGGGACA-9",0.0807149839407904
"Set1_CACACCTAGGTCGGAT-9",0.0718164750422815
"Set1_CACACCTGTCTGCGGT-9",0.0524018991760927
"Set1_CACACCTGTGAAAGAG-9",0.0531466741144161
"Set1_CACACTCGTCTTCTCG-9",0.0671887849307204
"Set1_CACACTCTCTATCCCG-9",0.0631351921674502
"Set1_CACATAGGTTATGCGT-9",0.0571071700103958
"Set1_CACATTTCAGCCTTTC-9",0.0631429502397244
"Set1_CACATTTTCGGATGGA-9",0.0695278437213921
"Set1_CACCAGGTCTCAACTT-9",0.0638877251780478
"Set1_CAGAATCTCGGAAACG-9",0.0417500659436143
"Set1_CAGAGAGAGGTAAACT-9",0.0595625998851805
"Set1_CAGATCATCTCGCATC-9",0.0657574205961303
"Set1_CAGCAGCCAATCTGCA-9",0.0658815497525175
"Set1_CAGCATAGTCCATCCT-9",0.0776272711756583
"Set1_CAGCGACAGTCGCCGT-9",0.0661957516796226
"Set1_CAGTAACTCTTGCCGT-9",0.0323434033111452
"Set1_CATCAAGCAGCATGAG-9",0.0575261059132027
"Set1_CATCAGAGTGTAAGTA-9",0.0446593430464398
"Set1_CATGACACAAGCCGTC-9",0.0728948470883955
"Set1_CATGGCGTCACCACCT-9",0.0502180018309051
"Set1_CATGGCGTCAGGCGAA-9",0.0468703936445872
"Set1_CATTCGCTCGAACGGA-9",0.067402131918261
"Set1_CCACTACCACAGGAGT-9",0.0546284659187885
"Set1_CCAGCGATCATATCGG-9",0.0650242827662182
"Set1_CCATTCGTCTCCGGTT-9",0.0755868981675433
"Set1_CCCAATCTCTCCAGGG-9",0.0742525097363807
"Set1_CCCAGTTGTCTCATCC-9",0.0745395584105261
"Set1_CCCATACGTTCATGGT-9",0.0507067603841797
"Set1_CCGGGATGTCCTGCTT-9",0.0541784977268848
"Set1_CCGGGATTCTTAGAGC-9",0.0653578798740089
"Set1_CCGTACTTCCGTAGGC-9",0.0471652003910068
"Set1_CCGTGGACACCATGTA-9",0.0433482288320998
"Set1_CCTACACTCTGGAGCC-9",0.0546905304969821
"Set1_CCTACACTCTTAGAGC-9",0.0636704991543701
"Set1_CCTACCAGTATGAATG-9",0.07156433769337
"Set1_CCTACCAGTGACGCCT-9",0.0710135145619017
"Set1_CCTCAGTCACGGACAA-9",0.0755636239507207
"Set1_CCTCAGTGTGCGATAG-9",0.0706217319120545
"Set1_CCTCTGACATGTCGAT-9",0.0763277940697296
"Set1_CCTCTGATCATGCATG-9",0.0689188350478673
"Set1_CCTTCGACAACCGCCA-9",0.0395584105261525
"Set1_CCTTCGATCATCTGCC-9",0.0571343232633555
"Set1_CGACCTTTCGTTTATC-9",0.0790702726186597
"Set1_CGACTTCCAATCTGCA-9",0.0634067246970473
"Set1_CGAGAAGAGCTCAACT-9",0.0655363155363155
"Set1_CGAGAAGGTACCCAAT-9",0.0514554143586402
"Set1_CGAGAAGGTAGGCATG-9",0.0474910394265233
"Set1_CGAGAAGTCTTCAACT-9",0.0622042234945461
"Set1_CGATCGGGTCCTCCAT-9",0.0630964018060792
"Set1_CGATGGCCAGCTGTTA-9",0.0626541916864498
"Set1_CGATGGCCATTCGACA-9",0.062510667349377
"Set1_CGATGTATCGCGGATC-9",0.0708234417911837
"Set1_CGCCAAGTCCAATGGT-9",0.0577549690452916
"Set1_CGCGGTAAGTTAAGTG-9",0.073880122267219
"Set1_CGCGGTACACAAGCCC-9",0.0690895126378997
"Set1_CGCGGTAGTCTCTCGT-9",0.0832247203214945
"Set1_CGCGTTTAGGCAGTCA-9",0.0586665425375103
"Set1_CGCTGGACACGAAGCA-9",0.0507649459262362
"Set1_CGCTGGATCAGGCCCA-9",0.0520411488153424
"Set1_CGCTGGATCCTTAATC-9",0.0660405902341386
"Set1_CGCTTCAGTTCAACCA-9",0.0668086393892846
"Set1_CGGACACTCTGGTGTA-9",0.0673051560148334
"Set1_CGGACGTAGGATATAC-9",0.0593725271144626
"Set1_CGGACTGAGAGAACAG-9",0.0630614904808453
"Set1_CGGGTCAGTCGAATCT-9",0.0599427454266164
"Set1_CGGGTCAGTTTGGGCC-9",0.054764232183587
"Set1_CGGGTCATCATCATTC-9",0.065555710717001
"Set1_CGGTTAAAGTTGTAGA-9",0.0552297165200391
"Set1_CGTAGGCAGATAGGAG-9",0.0526385203804559
"Set1_CGTCACTAGGGAAACA-9",0.0648458471039116
"Set1_CGTCACTGTCTTCTCG-9",0.0797025555090071
"Set1_CGTCACTTCGCCATAA-9",0.0596556967524709
"Set1_CGTCCATAGGGCATGT-9",0.074031404676566
"Set1_CGTCCATCATCCTTGC-9",0.0566649598907663
"Set1_CGTCCATTCTTTAGTC-9",0.0639071203587333
"Set1_CGTGAGCGTGGTGTAG-9",0.0650863473444119
"Set1_CGTTAGAAGCGTAGTG-9",0.0417112755822433
"Set1_CGTTGGGAGATGTGGC-9",0.0529682384521094
"Set1_CGTTGGGAGTGGTAAT-9",0.054764232183587
"Set1_CGTTGGGCACGTCTCT-9",0.0583678567549535
"Set1_CTAACTTGTACTTAGC-9",0.0530496982109885
"Set1_CTAAGACAGTTGTCGT-9",0.0742292355195581
"Set1_CTAATGGCATCGACGC-9",0.0735891945569365
"Set1_CTAATGGGTACTCTCC-9",0.0657419044515819
"Set1_CTACGTCCAGCCACCA-9",0.0538099892938603
"Set1_CTACGTCGTCGCATAT-9",0.0642756287917578
"Set1_CTAGAGTTCCTATGTT-9",0.0535850051979084
"Set1_CTAGCCTAGTAACCCT-9",0.0714712408260795
"Set1_CTCCTAGCAAGGGTCA-9",0.0582553647069776
"Set1_CTCGAGGCACCAGTTA-9",0.0623671430123043
"Set1_CTCGAGGGTCCATCCT-9",0.0707264658877562
"Set1_CTCGGAGGTACTTAGC-9",0.0678327049294791
"Set1_CTCGTACGTACTTAGC-9",0.0805016369532499
"Set1_CTCGTCACATAGAAAC-9",0.057692904467098
"Set1_CTCGTCACATTCACTT-9",0.0669133733649863
"Set1_CTCGTCAGTGCTAGCC-9",0.0795163617744263
"Set1_CTCGTCATCGCCGTGA-9",0.0396321122127574
"Set1_CTCTAATAGAGCTTCT-9",0.0560947415786125
"Set1_CTCTAATGTACAGTTC-9",0.0506990023119055
"Set1_CTCTGGTGTCATGCAT-9",0.0692485531195209
"Set1_CTGAAACAGCTAAACA-9",0.054186255799159
"Set1_CTGAAACGTCAGAGGT-9",0.0857228195937873
"Set1_CTGAAACTCGTTTATC-9",0.0592096075967044
"Set1_CTGATAGTCGTTTATC-9",0.0753851882884141
"Set1_CTGCCTATCATGTGGT-9",0.0593531319337771
"Set1_CTTAACTAGTTAAGTG-9",0.0779531102111747
"Set1_CTTACCGGTATGAATG-9",0.0646441372247824
"Set1_CTTACCGTCAACGAAA-9",0.0496555415910255
"Set1_GAACCTAGTTCCCTTG-9",0.0779880215364086
"Set1_GAACGGATCAGGCAAG-9",0.0610599078341014
"Set1_GACAGAGTCATAACCG-9",0.052797560862077
"Set1_GACCTGGGTCATATCG-9",0.059620785427237
"Set1_GACGGCTCAATGGAAT-9",0.0746598085307763
"Set1_GACGTTAGTTGCGTTA-9",0.048945677977936
"Set1_GACGTTATCCAAACAC-9",0.0787677077999659
"Set1_GACTAACTCCATGCTC-9",0.0606952784372139
"Set1_GACTAACTCTCTGTCG-9",0.0488331859299601
"Set1_GACTACAAGACTAAGT-9",0.0943730701795218
"Set1_GACTACAGTCACTTCC-9",0.0637752331300718
"Set1_GACTGCGAGCTGCAAG-9",0.0626309174696272
"Set1_GAGCAGACAAGCCGTC-9",0.0452683517199646
"Set1_GAGCAGACACGGATAG-9",0.0649467020434762
"Set1_GAGTCCGGTCCTCCAT-9",0.0511101801424382
"Set1_GAGTCCGTCTATCCCG-9",0.0647721454173067
"Set1_GAGTCCGTCTCCAGGG-9",0.0631856196372325
"Set1_GATCGATTCGCCCTTA-9",0.0600629955468665
"Set1_GATGAGGAGAATCTCC-9",0.0500162919517758
"Set1_GATGAGGCACCCATTC-9",0.0578984933823644
"Set1_GATGAGGTCTCGATGA-9",0.0638334186721284
"Set1_GATGCTAAGTTACGGG-9",0.063011063011063
"Set1_GATTCAGAGACTGTAA-9",0.0624835140964173
"Set1_GCAAACTCACATGACT-9",0.0630576114447082
"Set1_GCACTCTTCCTTGCCA-9",0.0576308398889044
"Set1_GCAGCCATCAATACCG-9",0.0722354109450884
"Set1_GCATGATAGGCATGGT-9",0.0667039054135828
"Set1_GCATGCGTCTTAACCT-9",0.0672624866173253
"Set1_GCATGTAGTAAACCTC-9",0.0684960201089233
"Set1_GCATGTATCTCGGACG-9",0.0515058418284225
"Set1_GCGACCACAAAGTCAA-9",0.0805675805675806
"Set1_GCGACCACATTGCGGC-9",0.056498161336871
"Set1_GCGAGAAAGCGTTTAC-9",0.0509395025524058
"Set1_GCGAGAACACCAGGCT-9",0.0781354249096185
"Set1_GCGCGATCATCCCATC-9",0.0705131189002157
"Set1_GCTGCAGAGCAAATCA-9",0.069139940107682
"Set1_GCTGCAGGTTGCTCCT-9",0.0440076649754069
"Set1_GCTGCAGTCGTTACGA-9",0.0626541916864498
"Set1_GCTGCGACACGCATCG-9",0.0553577247125634
"Set1_GCTGCTTCACGCATCG-9",0.0474638861735636
"Set1_GCTGGGTAGGGTTCCC-9",0.062549457710748
"Set1_GCTTGAACAATGTTGC-9",0.0561800803736288
"Set1_GGAAAGCAGCTCCTCT-9",0.0727008952815404
"Set1_GGAAAGCGTAATTGGA-9",0.0745046470852923
"Set1_GGAAAGCTCTGCGTAA-9",0.0691864885413273
"Set1_GGAACTTTCTGTCTCG-9",0.0576851463948238
"Set1_GGAATAAGTTAGGGTG-9",0.0549620630265792
"Set1_GGAATAAGTTGATTGC-9",0.0720996446802898
"Set1_GGACAGACACACATGT-9",0.0713897810672004
"Set1_GGACATTGTCTAGTCA-9",0.0745318003382519
"Set1_GGACGTCCATATACCG-9",0.0649195487905165
"Set1_GGAGCAAAGACGCTTT-9",0.0829842200809943
"Set1_GGAGCAACAGCTGGCT-9",0.0467772967772968
"Set1_GGATTACGTTCGTCTC-9",0.0703036509488122
"Set1_GGCAATTAGTTGAGTA-9",0.0630227001194743
"Set1_GGCGACTAGAATGTTG-9",0.0794542971962327
"Set1_GGCGACTTCAGCAACT-9",0.0638179025275799
"Set1_GGCTCGATCCTCAACC-9",0.044550730034601
"Set1_GGCTGGTCACATGTGT-9",0.0593259786808174
"Set1_GGGAATGCATAGGATA-9",0.0645355242129436
"Set1_GGGAGATGTTGTGGAG-9",0.0700941829974088
"Set1_GGGATGAAGTTTAGGA-9",0.0664595261369455
"Set1_GGGATGATCACCTCGT-9",0.0481194432807336
"Set1_GGGCACTAGCTAGCCC-9",0.0476617170165557
"Set1_GGGCATCTCTTGCAAG-9",0.0617271020496827
"Set1_GGGTCTGAGCTCTCGG-9",0.0494344365312107
"Set1_GGTGAAGCAGCCTATA-9",0.0629373613244581
"Set1_GGTGCGTGTGTGCGTC-9",0.0584958649474778
"Set1_GGTGCGTTCTGGCGAC-9",0.0671112042079784
"Set1_GTAACTGTCGGATGGA-9",0.07260779841425
"Set1_GTACTTTTCTCAAGTG-9",0.0664207357755745
"Set1_GTATCTTTCAGGCAAG-9",0.0689110769755931
"Set1_GTATTCTAGCTACCTA-9",0.0660755015593725
"Set1_GTATTCTAGGACACCA-9",0.0515368741175193
"Set1_GTATTCTGTCCTAGCG-9",0.0519402938757777
"Set1_GTCATTTGTGACAAAT-9",0.0606409719312945
"Set1_GTCATTTGTTATCCGA-9",0.0765256249127217
"Set1_GTCATTTTCCAGTAGT-9",0.0586277521761393
"Set1_GTCCTCAAGTCCATAC-9",0.0621111266272557
"Set1_GTCTTCGAGAGGTAGA-9",0.079504724666015
"Set1_GTCTTCGTCATCATTC-9",0.0601910037393908
"Set1_GTGAAGGCAAGCCCAC-9",0.0530613353193998
"Set1_GTGCAGCCAATGGAGC-9",0.0693300128784
"Set1_GTGCAGCTCTGAGTGT-9",0.0627628046982886
"Set1_GTGCGGTAGGTGATTA-9",0.0393140312495151
"Set1_GTGGGTCCAGGTGCCT-9",0.0539302394141104
"Set1_GTGGGTCGTTCCGGCA-9",0.0803232012909432
"Set1_GTGTGCGGTAAGTGTA-9",0.0679258017967695
"Set1_GTTACAGGTGGGTATG-9",0.0752067526261075
"Set1_GTTCATTGTCGGCATC-9",0.0572119039860975
"Set1_GTTCATTGTCTAGCCG-9",0.0829143974305265
"Set1_GTTCTCGCACGGATAG-9",0.0550047324240873
"Set1_GTTCTCGCAGATTGCT-9",0.0717699266086363
"Set1_TAAACCGAGTCAAGGC-9",0.0638411767444026
"Set1_TAAGCGTAGAAACGCC-9",0.0658505174634207
"Set1_TAAGCGTCAGCCTGTG-9",0.0377701748669491
"Set1_TAAGTGCAGGATGGTC-9",0.0639381526478301
"Set1_TAAGTGCGTACATCCA-9",0.0674370432434949
"Set1_TACACGAGTCTACCTC-9",0.0648768793930084
"Set1_TACGGATAGATGGGTC-9",0.0713626278142407
"Set1_TACGGATCATACGCCG-9",0.0500512032770097
"Set1_TACGGTAGTCGCGGTT-9",0.0735077347980574
"Set1_TACGGTAGTTGCTCCT-9",0.0594927772347127
"Set1_TACTCGCTCCCTTGCA-9",0.0747451473257925
"Set1_TACTCGCTCTTCCTTC-9",0.0607457059069962
"Set1_TAGACCACATTCCTGC-9",0.0710910952846437
"Set1_TAGAGCTGTACATCCA-9",0.0557882977237816
"Set1_TAGTGGTAGGACTGGT-9",0.0661879936073484
"Set1_TAGTTGGTCGGTCCGA-9",0.0586432683206877
"Set1_TATCAGGCATTACCTT-9",0.0674448013157691
"Set1_TATCAGGTCAGCTCGG-9",0.0610715449425127
"Set1_TATCAGGTCTACGAGT-9",0.0548883613399742
"Set1_TATGCCCCATTACGAC-9",0.0432861642539062
"Set1_TCAACGACAGACGCCT-9",0.0397407252245962
"Set1_TCACAAGAGTGTCCAT-9",0.0743145743145743
"Set1_TCACAAGGTAGCACGA-9",0.07037347359928
"Set1_TCACGAACAAGCCGCT-9",0.0654315815606138
"Set1_TCAGATGAGATGTCGG-9",0.0431736722059303
"Set1_TCAGATGTCCGTAGTA-9",0.0763976167201974
"Set1_TCAGCAAAGCCATCGC-9",0.069213641794287
"Set1_TCAGCAAAGTGTACGG-9",0.0765023506958991
"Set1_TCAGCAACAGGCGATA-9",0.0618008037362876
"Set1_TCAGGATGTAAGAGAG-9",0.034220856801502
"Set1_TCAGGTATCCCTGACT-9",0.0697256745643842
"Set1_TCATTACAGTAAGTAC-9",0.0639071203587333
"Set1_TCATTTGGTTCAGTAC-9",0.0681973343263666
"Set1_TCCACACTCTCCTATA-9",0.0622468928920542
"Set1_TCCCGATTCCCTAATT-9",0.0554624586882651
"Set1_TCGCGAGAGAAGGGTA-9",0.0411139040171298
"Set1_TCGCGAGAGTACACCT-9",0.0776583034647551
"Set1_TCGGGACCATCAGTCA-9",0.0712695309469503
"Set1_TCGTACCAGGTGTGGT-9",0.057343791214759
"Set1_TCGTACCCATGGAATA-9",0.0588255830191314
"Set1_TCGTAGATCCACGTTC-9",0.0791517323775388
"Set1_TCTCATACAAGCGCTC-9",0.0552064423032165
"Set1_TCTCATATCATAACCG-9",0.0801020962311285
"Set1_TCTCTAAAGGACTGGT-9",0.0527859237536657
"Set1_TCTCTAACAGAAGCAC-9",0.0648109357786777
"Set1_TCTCTAACAGTCACTA-9",0.0618046827724247
"Set1_TGAAAGATCAACTCTT-9",0.0699157473351022
"Set1_TGACGGCCAGATGGCA-9",0.0636123136123136
"Set1_TGACTAGTCTCCAGGG-9",0.0463118124408447
"Set1_TGACTTTTCAGGTAAA-9",0.0714983940790392
"Set1_TGAGAGGCACACCGAC-9",0.0318430076494593
"Set1_TGAGCATAGCTGCCCA-9",0.0623671430123043
"Set1_TGAGCATTCATCATTC-9",0.0467229902713774
"Set1_TGATTTCTCCAAGCCG-9",0.0484607984607985
"Set1_TGCACCTAGAACAACT-9",0.0672624866173253
"Set1_TGCCAAACAGCGTAAG-9",0.0547409579667644
"Set1_TGCCCTATCGTGGACC-9",0.0497447594221788
"Set1_TGCGCAGGTGCAGTAG-9",0.0366219801703673
"Set1_TGCGGGTCAAAGAATC-9",0.0601056649443746
"Set1_TGCTACCCACGGTTTA-9",0.0492637589411783
"Set1_TGGCCAGAGGCGACAT-9",0.0732168070877748
"Set1_TGGCCAGCACGGTAGA-9",0.0451325854551661
"Set1_TGGGCGTAGAGAACAG-9",0.0569093391674037
"Set1_TGGGCGTTCTTCTGGC-9",0.0466531676209096
"Set1_TGGTTAGCATAAGACA-9",0.0663974615587519
"Set1_TGGTTAGCATGGTCAT-9",0.0570489844683393
"Set1_TGTCCCAGTAACGACG-9",0.0384800384800385
"Set1_TGTTCCGTCACGATGT-9",0.0484840726776211
"Set1_TGTTCCGTCATAACCG-9",0.0603810765101088
"Set1_TTAGGCAGTGTGACCC-9",0.0604508991605766
"Set1_TTAGGCATCTGGTTCC-9",0.0595160514515353
"Set1_TTATGCTAGATATACG-9",0.061160762773666
"Set1_TTATGCTAGTTAGCGG-9",0.0736163478098962
"Set1_TTCCCAGCAAAGGAAG-9",0.0568084842278391
"Set1_TTCCCAGCATTTGCTT-9",0.0639071203587333
"Set1_TTCGAAGCAATCGAAA-9",0.0819252432155658
"Set1_TTCGGTCGTTAGAACA-9",0.0506990023119055
"Set1_TTCTACAAGCTAAGAT-9",0.0665603810765101
"Set1_TTCTACAGTCGTGGCT-9",0.07195224130708
"Set1_TTCTCCTTCAGCTCTC-9",0.076304519852907
"Set1_TTCTTAGAGGACGAAA-9",0.0802882899657093
"Set1_TTCTTAGCATGTTCCC-9",0.0447951093112383
"Set1_TTGCCGTCAGGTGCCT-9",0.0710367887787243
"Set1_TTGCGTCGTACGCTGC-9",0.0567076292882744
"Set1_TTGGAACTCAAACGGG-9",0.0777242470790858
"Set1_TTGGAACTCAGGCCCA-9",0.0632981116852085
"Set1_TTGGCAAGTACCATCA-9",0.0767273347918509
"Set1_TTGGCAATCAAACCAC-9",0.0535966423063197
"Set1_TTTACTGAGCTTCGCG-9",0.0636161926484507
"Set1_TTTACTGGTATGGTTC-9",0.0537479247156667
"Set1_TTTATGCTCATTGCGA-9",0.0679684711942777
"Set1_TTTGGTTAGGCCCGTT-9",0.0681081164952133
"Set1_TTTGTCACAATAACGA-9",0.0571769926608636
"Set1_GCAGTTAGTATAATGG-13",0.0429835994352123
"Set1_TACTCGCGTAGCTAAA-13",0.0356754953529147
"Set2_AAAGATGCATCGTCGG-10",0.0305551676519418
"Set2_AAATGCCAGGACAGAA-10",0.0568084842278391
"Set2_AATCCAGCATAACCTG-10",0.0488836133997424
"Set2_ACATACGAGCCCAACC-10",0.0561723223013546
"Set2_ACCGTAAAGACCCACC-10",0.0697140374559729
"Set2_ACGCAGCAGTTGAGAT-10",0.0466376514763612
"Set2_AGAGTGGTCACCACCT-10",0.0408074601622989
"Set2_AGGCCACAGGAATTAC-10",0.0638916042141849
"Set2_AGGTCCGAGGTAGCTG-10",0.041505686666977
"Set2_ATCATGGGTGCGGTAA-10",0.0347794380052445
"Set2_CAAGAAAAGGCATTGG-10",0.0529488432714239
"Set2_CACCAGGTCGTAGGTT-10",0.0488758553274682
"Set2_CATCAGACACTTAACG-10",0.0257102515167031
"Set2_CCTACCATCGCATGAT-10",0.0550202485686357
"Set2_CGCCAAGCATATGCTG-10",0.0568511536253472
"Set2_CGCGTTTTCCAACCAA-10",0.0461876832844575
"Set2_CGTCACTAGACACTAA-10",0.0502994615897842
"Set2_CGTCCATTCTAACTCT-10",0.0563662741082096
"Set2_CTAGTGATCTGGTGTA-10",0.0219708606805381
"Set2_CTCAGAAGTGGCCCTA-10",0.081661468758243
"Set2_CTCGTACCACCAGGTC-10",0.0428594702788251
"Set2_CTCTAATGTACATCCA-10",0.0509976880944623
"Set2_CTGTTTATCCTAGTGA-10",0.0455592794302472
"Set2_CTTAGGAAGATATACG-10",0.0499891386988161
"Set2_GAGGTGAGTGTGTGCC-10",0.0346940992102282
"Set2_GATCGCGCACGGTTTA-10",0.0497990659280982
"Set2_GATCTAGTCTACCAGA-10",0.0563391208552499
"Set2_GATGAGGAGACAATAC-10",0.041005291005291
"Set2_GATGCTACAAACGCGA-10",0.0426034538937765
"Set2_GCAATCATCCCTGACT-10",0.047440611956741
"Set2_GCATGATCAAGGTGTG-10",0.0743960340734534
"Set2_GGGTTGCGTGTGACGA-10",0.0631701034926841
"Set2_GTCACAAGTGTTCGAT-10",0.0560094027835963
"Set2_GTGCAGCTCTAACGGT-10",0.037265900169126
"Set2_TATCTCAAGTCAATAG-10",0.0465717078620304
"Set2_TCACGAAAGAACTGTA-10",0.0620956104827073
"Set2_TCCCGATGTTTAAGCC-10",0.051024841347422
"Set2_TCGTAGAAGGCAATTA-10",0.0516687613461807
"Set2_TGAGGGAGTTAAGAAC-10",0.0564554919393629
"Set2_TGCCCTACACATGTGT-10",0.0529876336327949
"Set2_TGCGTGGTCAGTCCCT-10",0.0471147729212245
"Set2_TGTGGTAGTGCGATAG-10",0.0415522351006222
"Set2_TTAGGCACAATAGCGG-10",0.0444692702757219
"Set2_TTGCCGTTCAGTGCAT-10",0.0573515492870332
"Set2_AAAGTAGCACGGCGTT-21",0.0518316808639389
"Set2_ACGCCGAAGAGCCCAA-21",0.080237862495927
"Set2_AGGCCGTGTCGAGATG-21",0.0571071700103958
"Set2_CAAGAAACACAACGCC-21",0.053914723269562
"Set2_CCTTTCTTCTAACCGA-21",0.0467501435243371
